Ulrich Kuettler <kuettler@lnm.mw.tum.de> Ulrich Kuettler <lnm_kuet@lnm.mw.tum.de>
Matthias Mayr <matthias.mayr@unibw.de> mayr.mt <mayr@mhpc.mw.tum.de>
Matthias Mayr <matthias.mayr@unibw.de> Matthias Mayr <mayr@mhpc.mw.tum.de>
Ivo Steinbrecher <ivo.steinbrecher@unibw.de> Ivo Steinbrecher <stoani89@gmx.at>
Ivo Steinbrecher <ivo.steinbrecher@unibw.de> Ivo Steinbrecher <a11bivst@iris.bauv.unibw-muenchen.de>
Ivo Steinbrecher <ivo.steinbrecher@unibw.de> Ivo Steinbrecher <a11bivst@student01.bauv.unibw-muenchen.de>
Sebastian Fuchs <sebastian.fuchs@tum.de> Sebastian Fuchs <fuchs@lnm.mw.tum.de>
Stephan Sinzig <stephan.sinzig@tum.de> Stephan Sinzig <sinzig@lnm.mw.tum.de>
Georg Hammerl <georg.hammerl@hereon.de> Georg Hammerl <georg.hammerl@tum.de>
Georg Hammerl <georg.hammerl@hereon.de> Georg Hammerl <hammerl@lnm.mw.tum.de>
Alexander Seitz <a.seitz@tum.de> Alexander Seitz <seitz@lnm.mw.tum.de>
Amadeus Gebauer <amadeus.gebauer@tum.de> Amadeus Gebauer <gebauer@lnm.mw.tum.de>
Christoph Schmidt <christoph.schmidt@tum.de> Christoph Schmidt <schmidt@lnm.mw.tum.de>
Anh-Tu Vuong <anh-tu.vuong@tum.de> Anh Vuong <vuong@lnm.mw.tum.de>
Anh-Tu Vuong <anh-tu.vuong@tum.de> Anh-Tu Vuong <vuong@lnm.mw.tum.de>
Martin Kronbichler <martin.kronbichler@mytum.de> Martin Kronbichler <kronbichler@lnm.mw.tum.de>
Sebastian Proell <sebastian.proell@tum.de> Sebastian Pröll <proell@lnm.mw.tum.de>
Sebastian Proell <sebastian.proell@tum.de> Sebastian Pröll <sebastian.proell@tum.de>
Sebastian Proell <sebastian.proell@tum.de> Sebastian Proell <proell@lnm.mw.tum.de>
Sebastian Proell <sebastian.proell@tum.de> Pröll, Sebastian <sebastian.proell@tum.de>
Sebastian Proell <sebastian.proell@tum.de> Sebatian Proell <proell@lnm.mw.tum.de>
Christoph Ager <christoph.ager@tum.de> Christoph Ager <ager@lnm.mw.tum.de>
Christoph Ager <christoph.ager@tum.de> Christoph Ager <ager@neumann.lnm.mw.tum.de>
Nora Hagmeyer <nora.hagmeyer@daisytuner.com> nora <nora.hagmeyer@unibw.de>
Nora Hagmeyer <nora.hagmeyer@daisytuner.com> Nora Hagmeyer <nora.hagmeyer@unibw.de>
Maximilian Grill <maximilian.grill@tum.de> Maximilian Grill <grill@lnm.mw.tum.de>
Laura Engelhardt <laura.engelhardt@tum.de> Laura <laura.engelhardt@tum.de>
Laura Engelhardt <laura.engelhardt@tum.de> Laura Engelhardt <engelhardt@lnm.mw.tum.de>
Laura Engelhardt <laura.engelhardt@tum.de> lauraengelhardt <laura.engelhardt@tum.de>
Laura Engelhardt <laura.engelhardt@tum.de> laura.engelhardt@tum.de <laura.engelhardt@tum.de>
Hoang-Giang Bui <giang.bui@hereon.de> Hoang-Giang Bui <hgbk2008@gmail.com>
Hoang-Giang Bui <giang.bui@hereon.de> Hoang-Giang Bui <hoang.bui@hereon.de>
Luca Berardocco <luca.berardocco@tum.de> Luca Berardocco <luca.berardocco@.tum.de>
Luca Berardocco <luca.berardocco@tum.de> Luca Berardocco <berardocco@lnm.mw.tum.de>
Lea Koeglmeier <lea.koeglmeier@tum.de> Koeglmeier, Lea <lea.koeglmeier@tum.de>
Janina Datz <janina.datz@tum.de> Janina Datz <datz@lnm.mw.tum.de>
Patrick Praegla <patrick.praegla@tum.de> Patrick Praegla <praegla@lnm.mw.tum.de>
Gabriela Loera Villeda <gabriela.loera@unibw.de> Gabriela Loera <gabriela.loera@unibw.de>
Buğrahan Temür <bugrahan.temuer@tum.de> Bugrahan Temür <bugrahan.temuer@tum.de>
Jonas Nitzler <jonas.nitzler@tum.de> Jonas Nitzler <nitzler@lnm.mw.tum.de>
Sebastian Brandstäter <sebastian.brandstaeter@tum.de> Sebastian Brandstaeter <brandstaeter@lnm.mw.tum.de>
Sebastian Brandstäter <sebastian.brandstaeter@tum.de> Sebastian Brandstäter <brandstaeter@lnm.mw.tum.de>
Sebastian Brandstäter <sebastian.brandstaeter@tum.de> Sebastian Brandstaeter <sebastian.brandstaeter@tum.de>
Barbara Wirthl <barbara.wirthl@tum.de> Barbara Wirthl <wirthl@lnm.mw.tum.de>
Carolin Geitner <carolin.geitner@tum.de> Carolin Geitner <geitner@mach.lnm.mw.tum.de>
Mostafa Faraji <faraji@lnm.mw.tum.de> mostafa faraji <faraji@lnm.mw.tum.de>
Mert Civaner <civaner@adco-engineering-gw.com> Mert Civaner <mert.civaner@tum.de>
Philipp Schaefer <philipp.schaefer@hereon.de> Philipp Schäfer <philipp.schaefer@hereon.de>
Max von Danwitz <max.danwitz@unibw.de> Max Danwitz <max.danwitz@unibw.de>
